SKU,MP,PROVEEDOR,DÍAS CRED,MP/ME,MOQ
MPA-0390,CARBONATO DE CALCIO,2G NUTRITION SAS DE CV,0,MATERIA PRIMA,25
MPD-0019,FRUCTOSA,2G NUTRITION SAS DE CV,0,MATERIA PRIMA,20
MPA-0421,PEPINO EN POLVO,2G NUTRITION SAS DE CV,0,MATERIA PRIMA,25
MPD-0173,SUCRALOSA173,2G NUTRITION SAS DE CV,0,MATERIA PRIMA,25
MPA-0178,SULFATO DE ZINC,2G NUTRITION SAS DE CV,0,MATERIA PRIMA,25
MEP-0118,SILICA GEL 0.5 GR,ADSORBENTES Y ANTICORROSIVOS INDUSTRIALES SA DE CV,60,MATERIAL DE ACONDICIONAMIENTO,60000
MPD-0008,ACIDO CITRICO ANHIDRO8,ADYCHEM S. DE R.L. DE C.V.,60,MATERIA PRIMA,25
MPA-296,ACIDO MALICO EN POLVO,ADYCHEM S. DE R.L. DE C.V.,60,MATERIA PRIMA,25
MPE-0021,AMIDEX 20,ADYCHEM S. DE R.L. DE C.V.,60,MATERIA PRIMA,25
MPA-0109,BACILLUS COAGULANS LACTOSPORE,ADYCHEM S. DE R.L. DE C.V.,60,MATERIA PRIMA,25
MPD-0020,BENZOATO DE SODIO,ADYCHEM S. DE R.L. DE C.V.,60,MATERIA PRIMA,25
MPE-0055,CROSCARMELOSA SODICA,ADYCHEM S. DE R.L. DE C.V.,60,MATERIA PRIMA,25
MPE-0060,DIOXIDO DE SILICIO COLOIDAL USP(HDK N20),ADYCHEM S. DE R.L. DE C.V.,60,MATERIA PRIMA,25
MPE-0068,ESTEARATO DE MAGNESIO USP/NF,ADYCHEM S. DE R.L. DE C.V.,60,MATERIA PRIMA,25
MPA-0097,HIERRO (SULFATO FERROSO EN POLVO),ADYCHEM S. DE R.L. DE C.V.,60,MATERIA PRIMA,25
MPA-0148,L-TRIPTÓFANO,ADYCHEM S. DE R.L. DE C.V.,60,MATERIA PRIMA,5
MPE-0109,LACTOSA SPRAY DRIED,ADYCHEM S. DE R.L. DE C.V.,60,MATERIA PRIMA,25
MPE-0126,MALTODEXTRINA (Amidex 10),ADYCHEM S. DE R.L. DE C.V.,60,MATERIA PRIMA,25
MPA-0307,OXIDO DE MAGNESIO,ADYCHEM S. DE R.L. DE C.V.,60,MATERIA PRIMA,25
MPA-0150,PROTEINA DE SOYA CONCENTRADO AL 70%,ADYCHEM S. DE R.L. DE C.V.,60,MATERIA PRIMA,25
MPE-0034,SEPIGEL 305,ADYCHEM S. DE R.L. DE C.V.,60,MATERIA PRIMA,20
MPE-0029,TALCO USP,ADYCHEM S. DE R.L. DE C.V.,60,MATERIA PRIMA,22.68
MPE-0180,UNIDEX (DEXTROSA AGLOMERADA),ADYCHEM S. DE R.L. DE C.V.,60,MATERIA PRIMA,25
MPE-0039,CELULOSA MICROCRISTALINA PH 102,ADYCHEM S. DE R.L. DE C.V.,60,MATERIA PRIMA,25
MPE-0023,ISOMALTULOSA,ALFAMEX INDUSTRIAL S.A DE C.V.,0,MATERIA PRIMA,25
MPD-0085,CARBONATO DE POTASIO,ALQUIMIA MEXICANA,0,MATERIA PRIMA,25
MEPE-0004,PVC Calibre -10 mcrs Ancho 150 mm,ALSOMA INTERNACIONAL S.A. DE C.V.,0,MATERIAL DE ACONDICIONAMIENTO,100
MEP-0114,PVC Calibre 10 micras X 150 mm,ALSOMA INTERNACIONAL S.A. DE C.V.,0,MATERIAL DE ACONDICIONAMIENTO,100
MPA-0174,SULFATO DE COBRE EN POLVO,"ALTA PUREZA MAQUILADORA, S.A. DE C.V.",0,MATERIA PRIMA,25
MPA-0175,SULFATO DE MAGNESIO,"ALTA PUREZA MAQUILADORA, S.A. DE C.V.",0,MATERIA PRIMA,25
MPA-0119,L-LEUCINA USP,AMERICA ALIMENTOS S.A DE C.V.,0,MATERIA PRIMA,25
MES-0514,CAJA INDIVIDUAL C-BOOST NF 10 SOBRES 6g,ARTE GCA S.A DE C.V.,30,MATERIAL DE ACONDICIONAMIENTO,100
MES-0501,CAJA INDIVIDUAL C-BOOST NF 15 SOBRES 6g,ARTE GCA S.A DE C.V.,30,MATERIAL DE ACONDICIONAMIENTO,100
MES-0515,CAJA INDIVIDUAL C-BOOST NF 30 SOBRES 6g,ARTE GCA S.A DE C.V.,30,MATERIAL DE ACONDICIONAMIENTO,100
MESG-0001,CAJA INDIVIDUAL C-BOOST 10 SOBRES 8 g,ARTE GCA S.A DE C.V.,30,MATERIAL DE ACONDICIONAMIENTO,10000
MPE-0041,CELULOSA MODIFICADA KLUCEL NUTRA,ASHLAND CHEMICAL DE MÉXICO SA DE CV,0,MATERIA PRIMA,45.36
MPE-0294,CROSPOVIDONA,ASHLAND CHEMICAL DE MÉXICO SA DE CV,0,MATERIA PRIMA,25
MPE-0077,NATROSOL 250 HHX PHARM,ASHLAND CHEMICAL DE MÉXICO SA DE CV,0,MATERIA PRIMA,25
MPA-0196,BIOTINA (VITAMINA B8),"ASTROQUIM, S.A. DE C.V.",30,MATERIA PRIMA,0.1
MPA-0444,CITRATO DIHIDRATADO TRISODICO,"ASTROQUIM, S.A. DE C.V.",30,MATERIA PRIMA,25
MPD-0216,GOMA XANTANA,"ASTROQUIM, S.A. DE C.V.",30,MATERIA PRIMA,25
MPA-0445,LACTATO DE CALCIO,"ASTROQUIM, S.A. DE C.V.",30,MATERIA PRIMA,25
MPA-0350,Molibdato de sodio,"ASTROQUIM, S.A. DE C.V.",30,MATERIA PRIMA,25
MPA-0250,OXIDO DE ZINC,"ASTROQUIM, S.A. DE C.V.",30,MATERIA PRIMA,25
MPA-0251,PROTEINA AISLADA DE SUERO DE LECHE,"ASTROQUIM, S.A. DE C.V.",30,MATERIA PRIMA,100
MPA-0020,STEVIA 95%,"ASTROQUIM, S.A. DE C.V.",30,MATERIA PRIMA,20
MPA-0176,SULFATO DE MANGANESO,"ASTROQUIM, S.A. DE C.V.",30,MATERIA PRIMA,25
MPD-0083,BICARBONATO DE POTASIO,"ASTROQUIM, S.A. DE C.V.",30,MATERIA PRIMA,25
MEP-0350,Petpolifoil FIBOTAX,BEMIS PACKAGING MÉXICO SA DE CV,30,MATERIAL DE ACONDICIONAMIENTO,300
MEP-0070,Petpolifoil MB 300 ABLAZOR Obsequio,BEMIS PACKAGING MÉXICO SA DE CV,30,MATERIAL DE ACONDICIONAMIENTO,1000
MEP-0069,Petpolifoil MB 300 ABLAZOR p.t.,BEMIS PACKAGING MÉXICO SA DE CV,30,MATERIAL DE ACONDICIONAMIENTO,1000
MPA-0019,BARBASCO EN POLVO SANITIZADO,BIOEXTRACTO S.A DE C.V.,0,MATERIA PRIMA,10
MPA-0036,CASTAÑO DE INDIAS COMPUESTO,BIOEXTRACTO S.A DE C.V.,0,MATERIA PRIMA,25
MPA-0028,CAFE SOLUBLE,CAFE TOSTADO DE EXPORTACIÓN SA DE CV,0,MATERIA PRIMA,20
MEP-0065,"CAPSULA ENTERICA ""0"" Blan/Blan",CENTRAL DE PRODUCTOS QUIMICOS S.A DE C.V.,60,MATERIAL DE ACONDICIONAMIENTO,100000
MEPE-0012,CAPSULA # 0 BLANCO-BLANCO,CENTRAL DE PRODUCTOS QUIMICOS S.A DE C.V.,60,MATERIAL DE ACONDICIONAMIENTO,100000
MEP-0061,CAPSULA # 0 NATURAL/ NATURAL,CENTRAL DE PRODUCTOS QUIMICOS S.A DE C.V.,60,MATERIAL DE ACONDICIONAMIENTO,100000
MEP-0060,CAPSULA #00 ESCARLATA / ESCARLATA,CENTRAL DE PRODUCTOS QUIMICOS S.A DE C.V.,60,MATERIAL DE ACONDICIONAMIENTO,100000
MEP-0391,CAPSULA #00 VCAPS BLANCO OPACO,CENTRAL DE PRODUCTOS QUIMICOS S.A DE C.V.,60,MATERIAL DE ACONDICIONAMIENTO,100000
MEP-0267,CAPSULA MARRON-MARRON /0,CENTRAL DE PRODUCTOS QUIMICOS S.A DE C.V.,60,MATERIAL DE ACONDICIONAMIENTO,100000
MEP-0393,CAPSULA No.0 VCAPS BLANCO OPACO,CENTRAL DE PRODUCTOS QUIMICOS S.A DE C.V.,60,MATERIAL DE ACONDICIONAMIENTO,100000
MEP-0322,CAPSULA PURPURA 0 CERO,CENTRAL DE PRODUCTOS QUIMICOS S.A DE C.V.,60,MATERIAL DE ACONDICIONAMIENTO,100000
MPA-0043,CIANOCOBALAMINA (VITAMINA B12),CENTRAL DE PRODUCTOS QUIMICOS S.A DE C.V.,60,MATERIA PRIMA,0.1
MPA-0047,COENZYMA Q10,CENTRAL DE PRODUCTOS QUIMICOS S.A DE C.V.,60,MATERIA PRIMA,25
MPA-0326,OMEGA 3 EN POLVO,CENTRAL DE PRODUCTOS QUIMICOS S.A DE C.V.,60,MATERIA PRIMA,25
MPA-0159,RIBOFLAVINA BASE (Vitamina B2),CENTRAL DE PRODUCTOS QUIMICOS S.A DE C.V.,60,MATERIA PRIMA,25
MPA-0186,VITAMINA B1 (TIAMINA HCL),CENTRAL DE PRODUCTOS QUIMICOS S.A DE C.V.,60,MATERIA PRIMA,25
MPA-0187,VITAMINA B3 (NICOTINAMIDA),CENTRAL DE PRODUCTOS QUIMICOS S.A DE C.V.,60,MATERIA PRIMA,20
MPA-0188,VITAMINA B5 (PANTOTENATO DE CALCIO),CENTRAL DE PRODUCTOS QUIMICOS S.A DE C.V.,60,MATERIA PRIMA,25
MPA-0189,VITAMINA B6 (PIRIDOXINA HCL),CENTRAL DE PRODUCTOS QUIMICOS S.A DE C.V.,60,MATERIA PRIMA,25
MPA-0193,VITAMINA E EN POLVO AL 50 %,CENTRAL DE PRODUCTOS QUIMICOS S.A DE C.V.,60,MATERIA PRIMA,25
MPA-0006,"VITAMINA A PALMITATO POLVO 250,000 UI",CENTRAL DE PRODUCTOS QUIMICOS S.A DE C.V.,60,MATERIA PRIMA,25
MPD-0015,ALCANFORT SINTETICO GRANULAR,CHEMICO ESPECIALIDADES QUIMICAS S.A DE C.V,0,MATERIA PRIMA,20
MPE-0015,DMDM HIDANTOINA,CHEMICO ESPECIALIDADES QUIMICAS S.A DE C.V,0,MATERIA PRIMA,20
MES-0472,CAJA COLECTIVA HIDRA2GO,Cliente,0,MATERIAL DE ACONDICIONAMIENTO,0
MES-0471,CAJA INDIVIDUAL HIDRA2GO FRESA,Cliente,0,MATERIAL DE ACONDICIONAMIENTO,7000
MES-0478,CAJA INDIVIDUAL HIDRA2GO LIMA LIMÓN,Cliente,0,MATERIAL DE ACONDICIONAMIENTO,7000
MES-0480,CAJA INDIVIDUAL HIDRA2GO NARANJA MANDARI,Cliente,0,MATERIAL DE ACONDICIONAMIENTO,7000
41PRAB02,PREMEZCLA COLAGENO PEPTAN P 5000 LD + D32,Cliente,0,MATERIA PRIMA,25
MPE-0295,STARCAP,COLOR CON DE MEXICO S. DE R.L. DE C.V.,0,MATERIA PRIMA,20
MPE-0016,ALCOHOL ETILICO PURO 96° PORRON 20LTS,COMERCIAL DE MERCANCIAS SELECTAS DE GUADALAJARA SA DE CV,30,MATERIA PRIMA,20
MEP-0365,FRASCO BLANCO 150 mL,COMERCIAL DE MERCANCIAS SELECTAS DE GUADALAJARA SA DE CV,30,MATERIAL DE ACONDICIONAMIENTO,5000
MEP-0096,FRASCO CAPSULERO PET 150 mL ÁMBAR R-38,COMERCIAL DE MERCANCIAS SELECTAS DE GUADALAJARA SA DE CV,30,MATERIAL DE ACONDICIONAMIENTO,5000
MEP-0116,FRASCO TABLETERO 120 mL ÁMBAR R-38,COMERCIAL DE MERCANCIAS SELECTAS DE GUADALAJARA SA DE CV,30,MATERIAL DE ACONDICIONAMIENTO,5000
MEP-0401,TAPA FLIP TOP PASTILLERO R-38 Dorada,COMERCIAL DE MERCANCIAS SELECTAS DE GUADALAJARA SA DE CV,30,MATERIAL DE ACONDICIONAMIENTO,5000
MEP-0401,TAPA FLIP TOP PASTILLERO R-38 Dorada,COMERCIAL DE MERCANCIAS SELECTAS DE GUADALAJARA SA DE CV,30,MATERIAL DE ACONDICIONAMIENTO,5000
MEP-0355,TAPA R-38 CHILD BLANCA C/LINNER IND/ALUM,COMERCIAL DE MERCANCIAS SELECTAS DE GUADALAJARA SA DE CV,30,MATERIAL DE ACONDICIONAMIENTO,5000
MEP-0356,TAPA R-38 CHILD BLANCA C/LINNER SENSIT,COMERCIAL DE MERCANCIAS SELECTAS DE GUADALAJARA SA DE CV,30,MATERIAL DE ACONDICIONAMIENTO,5000
MPA-0298,FIBERSOL 2,"COMERCIAL FERBERA, S.A. DE C.V.",0,MATERIA PRIMA,22.68
MEP-0007,BOBINA ALUMINIO CASTAÑO DE INDIAS,COMERCIALIZADORA NEFUR,30,MATERIAL DE ACONDICIONAMIENTO,15
MEP-0100,BOBINA ALUMINIO LACTOBACILLUS LACTICOS,COMERCIALIZADORA NEFUR,30,MATERIAL DE ACONDICIONAMIENTO,15
MEP-0013,BOBINA ALUMINIO PLENIFORM 40,COMERCIALIZADORA NEFUR,30,MATERIAL DE ACONDICIONAMIENTO,15
MEP-0333,BOBINA ALUMINIO Bioflavonoides,COMERCIALIZADORA NEFUR,30,MATERIAL DE ACONDICIONAMIENTO,15
MEP-0027,BOBINA ALUMINIO CASTIN,COMERCIALIZADORA NEFUR,30,MATERIAL DE ACONDICIONAMIENTO,15
MEP-0328,BOBINA ALUMINIO FLOS-PRO Muestra,COMERCIALIZADORA NEFUR,30,MATERIAL DE ACONDICIONAMIENTO,15
MEP-0325,BOBINA ALUMINIO FLOS-PRO capsulas,COMERCIALIZADORA NEFUR,30,MATERIAL DE ACONDICIONAMIENTO,15
MEP-0329,BOBINA ALUMINIO REMNURAL MUESTRA,COMERCIALIZADORA NEFUR,30,MATERIAL DE ACONDICIONAMIENTO,15
MEP-0326,BOBINA ALUMINIO REMNURAL capsulas,COMERCIALIZADORA NEFUR,30,MATERIAL DE ACONDICIONAMIENTO,15
MEP-0334,BOBINA ALUMINIO COLSIMB capsulas,COMERCIALIZADORA NEFUR,30,MATERIAL DE ACONDICIONAMIENTO,15
MEP-0045,BOBINA ALUMINIO DIALAVIT Cápsulas,COMERCIALIZADORA NEFUR,30,MATERIAL DE ACONDICIONAMIENTO,15
MEP-0330,BOBINA ALUMINIO GESTOMEG MUESTRA,COMERCIALIZADORA NEFUR,30,MATERIAL DE ACONDICIONAMIENTO,15
MEP-0327,BOBINA ALUMINIO GESTOMEG capsulas,COMERCIALIZADORA NEFUR,30,MATERIAL DE ACONDICIONAMIENTO,15
MEP-0044,BOBINA ALUMINIO DIAMIVYM Cápsulas,COMERCIALIZADORA NEFUR,90,MATERIAL DE ACONDICIONAMIENTO,15
MPA-0220,CIRUELA EN POLVO SANITIZADO,CORPORATIVO GIRÉ SAS DE CV,0,MATERIA PRIMA,25
MPA-0219,TAMARINDO EN POLVO SANITIZADO,CORPORATIVO GIRÉ SAS DE CV,0,MATERIA PRIMA,20
MPD-0061,SABOR NARANJA NATURAL 66.167SD,CORPORATIVO MEXINGREDIENT,0,MATERIA PRIMA,22.68
MPD-0095,Sabor café 21.9048,CORPORATIVO MEXINGREDIENT,0,MATERIA PRIMA,22.68
MEP-0152,TUBO VANESIR GEL 200 mL GRABADO IMPRESO,COSMEPAC,30,MATERIAL DE ACONDICIONAMIENTO,20000
MPA-0454,BIFIDOBACTERIUM ANIMALIS SSP LACTIS B420,DANISCO MEXICANA SA DE CV,30,MATERIA PRIMA,5
MPAE-0021,BIFIDUBACTERIUM LACTIS CEPA HN019,DANISCO MEXICANA SA DE CV,30,MATERIA PRIMA,20
MPA-0448,LACTOBACILOS ACIDOPHILUS NCFM,DANISCO MEXICANA SA DE CV,30,MATERIA PRIMA,5
MPA-0447,LACTOBACILOS PARACASEI LPC 37,DANISCO MEXICANA SA DE CV,30,MATERIA PRIMA,5
MPA-0449,LACTOBACILOS PLANTARUM LP 115,DANISCO MEXICANA SA DE CV,30,MATERIA PRIMA,5
MPA-0453,PREMEZCLA CBOOST NF (VIT y MIN),DSM,30,Maquila,1000
MEP-0177,BOLSA STAND POUCH TruCoffee 340 g,EMPAQUES MPK SAPI DE CV,0,MATERIAL DE ACONDICIONAMIENTO,5000
MPA-0474,BIFIDOBACTERIUM BIFIDUM 110,ENZIMAS Y PRODUCTOS QUIMICOS S.A. DE C.V.,30,MATERIA PRIMA,10
MPA-0475,BROMELINA 2G,ENZIMAS Y PRODUCTOS QUIMICOS S.A. DE C.V.,30,MATERIA PRIMA,10
MPA-0473,LACTOBACILLUS RHAMNOSUS 110,ENZIMAS Y PRODUCTOS QUIMICOS S.A. DE C.V.,30,MATERIA PRIMA,10
MPA-0476,PAPAIN 120M,ENZIMAS Y PRODUCTOS QUIMICOS S.A. DE C.V.,30,MATERIA PRIMA,25
MPA-0320,SACCHAROMYCES BOULADII 20 billones,ENZIMAS Y PRODUCTOS QUIMICOS S.A. DE C.V.,30,MATERIA PRIMA,5
MESG-0002,ETIQUETA SELLO GARANTIA MARIPOSA,ETIQUETAS ELECTRONICAS DE OCCIDENTE SA DE CV,0,MATERIAL DE ACONDICIONAMIENTO,3000
MES-0337,SELLO BOPP TRANSPARENTE 35 mmMES,ETIQUETAS ELECTRONICAS DE OCCIDENTE SA DE CV,0,MATERIAL DE ACONDICIONAMIENTO,88000
MEP-0387,BOBINA GLASSPOLIFOIL CART-X3,EXTRUPACK SA DE CV,30,MATERIAL DE ACONDICIONAMIENTO,300
MEP-0397,BOBINA GLASSPOLIFOIL CBOOST NF SOBRE C/6,EXTRUPACK SA DE CV,30,MATERIAL DE ACONDICIONAMIENTO,10
MEP-0402,Bobina glasspolifoil FIBOTAX ND,EXTRUPACK SA DE CV,30,MATERIAL DE ACONDICIONAMIENTO,100
MEPG-0001,GLASSPOLIFOIL C-BOSST,EXTRUPACK SA DE CV,30,MATERIAL DE ACONDICIONAMIENTO,300
MEP-0378,HIDRA2GO FRESA GLASSPOLIFOIL,EXTRUPACK SA DE CV,30,MATERIAL DE ACONDICIONAMIENTO,10
MEP-0379,HIDRA2GO LIMA LIMÓN GLASSPOLIFOIL,EXTRUPACK SA DE CV,30,MATERIAL DE ACONDICIONAMIENTO,10
MEP-0380,HIDRA2GO NARANJA MANDARINA GLASSPOLIFOIL,EXTRUPACK SA DE CV,30,MATERIAL DE ACONDICIONAMIENTO,10
MEP-0383,BOBINA KIDDYLAC GLASSPOLIFOIL,EXTRUPACK SA DE CV,30,MATERIAL DE ACONDICIONAMIENTO,150
MEP-0043,Petpolifoil MB 300 Cvym,EXTRUPACK SA DE CV,30,MATERIAL DE ACONDICIONAMIENTO,150
MEP-0071,Petpolifoil MB N125 CVYM CERO AZÚCAR,EXTRUPACK SA DE CV,30,MATERIAL DE ACONDICIONAMIENTO,150
MEP-0374,Glasspolifoil FIBOTAX,EXTRUPACK SA DE CV,30,MATERIAL DE ACONDICIONAMIENTO,100
MPA-0143,PULPA DE PIÑA EN POLVO SPRAY DRIED,FLAVORS CGV INTERNACIONAL S.A DE C.V,45,MATERIA PRIMA,20
MPD-0052,COLOR NARANJA CGV17919P,FLAVORS CGV INTERNACIONAL S.A DE C.V,45,MATERIA PRIMA,20
MPD-0106,LACA MORADA,FLAVORS CGV INTERNACIONAL S.A DE C.V,45,MATERIA PRIMA,25
MPA-0021,SABOR EUCALIPTO Código: CGV 17488L,FLAVORS CGV INTERNACIONAL S.A DE C.V,45,MATERIA PRIMA,20
MPE-0325,SABOR FRESA PWD 18602P,FLAVORS CGV INTERNACIONAL S.A DE C.V,45,MATERIA PRIMA,20
MPD-0291,SABOR FRESA PWD 19665PA,FLAVORS CGV INTERNACIONAL S.A DE C.V,45,MATERIA PRIMA,25
MPA-0015,SABOR MENTA Codigo CGV 17489L,FLAVORS CGV INTERNACIONAL S.A DE C.V,45,MATERIA PRIMA,20
MPE-0300,SABOR NARANJA 19718PA,FLAVORS CGV INTERNACIONAL S.A DE C.V,45,MATERIA PRIMA,25
MPAE-0007,SABOR NARANJA CGV 12379PE,FLAVORS CGV INTERNACIONAL S.A DE C.V,45,MATERIA PRIMA,25
MPD-0164,SABOR NARANJA POLVO,FLAVORS CGV INTERNACIONAL S.A DE C.V,45,MATERIA PRIMA,20
MPE-0327,SABOR VAINILLA 17969P,FLAVORS CGV INTERNACIONAL S.A DE C.V,45,MATERIA PRIMA,20
MPE-0335,Sabor Limón PWD 19881P,FLAVORS CGV INTERNACIONAL S.A DE C.V,45,MATERIA PRIMA,20
MPE-0333,Sabor fresa PWD 19883P,FLAVORS CGV INTERNACIONAL S.A DE C.V,45,MATERIA PRIMA,20
MEP-0403,BOBINA PET BLOOM SABOR FRESA-KIWI 5.77g,"FORMFLEX, S.A. DE C.V.",60,MATERIAL DE ACONDICIONAMIENTO,150
MES-0371,ETIQUETA BIOFOLIC 400 (Sustentable),"FORMFLEX, S.A. DE C.V.",60,MATERIAL DE ACONDICIONAMIENTO,1000
MES-0367,ETIQUETA BIOMIVIT 400 C/30 caps (Susten,"FORMFLEX, S.A. DE C.V.",60,MATERIAL DE ACONDICIONAMIENTO,3000
MES-0450,ETIQUETA BIOVIT FOR MEN 30 TABS,"FORMFLEX, S.A. DE C.V.",60,MATERIAL DE ACONDICIONAMIENTO,1000
MES-0451,ETIQUETA BIOVIT FOR WOMEN 30 TABS,"FORMFLEX, S.A. DE C.V.",60,MATERIAL DE ACONDICIONAMIENTO,1000
MES-0369,ETIQUETA C-KIDS (Sustentable),"FORMFLEX, S.A. DE C.V.",60,MATERIAL DE ACONDICIONAMIENTO,1000
MES-0251,ETIQUETA C-VYM 30 tabletas (Sustentable),"FORMFLEX, S.A. DE C.V.",60,MATERIAL DE ACONDICIONAMIENTO,3000
MES-0473,"ETIQUETA CALCIO, VIT. D3 Y COLÁGENO","FORMFLEX, S.A. DE C.V.",60,MATERIAL DE ACONDICIONAMIENTO,3000
MES-0260,ETIQUETA CINTILLO (Couche adhesivo),"FORMFLEX, S.A. DE C.V.",60,MATERIAL DE ACONDICIONAMIENTO,3000
MES-0387,ETIQUETA COLAGENER C/60 TABS.(SUSTENTABL,"FORMFLEX, S.A. DE C.V.",60,MATERIAL DE ACONDICIONAMIENTO,3000
MES-0474,ETIQUETA COMPLETE ACTIVE474,"FORMFLEX, S.A. DE C.V.",60,MATERIAL DE ACONDICIONAMIENTO,1000
MES-0464,ETIQUETA COMPLETE KIDDY,"FORMFLEX, S.A. DE C.V.",60,MATERIAL DE ACONDICIONAMIENTO,1000
MES-0368,ETIQUETA EXZON (Sustentable),"FORMFLEX, S.A. DE C.V.",60,MATERIAL DE ACONDICIONAMIENTO,3000
MES-0357,ETIQUETA MEM-EH 30 tabletas SUSTENTABLE,"FORMFLEX, S.A. DE C.V.",60,MATERIAL DE ACONDICIONAMIENTO,1000
MPA-0406,ETIQUETA PROBIOKIDS (Sustentable),"FORMFLEX, S.A. DE C.V.",60,MATERIAL DE ACONDICIONAMIENTO,1000
MES-0370,ETIQUETA TAMARIN LX (Sustentable),"FORMFLEX, S.A. DE C.V.",60,MATERIAL DE ACONDICIONAMIENTO,1000
MES-0444,ETIQUETA VANESIR (SUSTENTABLE),"FORMFLEX, S.A. DE C.V.",60,MATERIAL DE ACONDICIONAMIENTO,1000
MES-0356,ETIQUETA VITABIOM Q10 (Sustentable),"FORMFLEX, S.A. DE C.V.",60,MATERIAL DE ACONDICIONAMIENTO,3000
MES-0470,ETIQUETA VITAMINA C Y BIOFLAVONOIDES,"FORMFLEX, S.A. DE C.V.",60,MATERIAL DE ACONDICIONAMIENTO,1000
MES-0443,ETIQUETA VITEM 3RA (SUSTENTABLE),"FORMFLEX, S.A. DE C.V.",60,MATERIAL DE ACONDICIONAMIENTO,3000
MES-0463,ETIQUETA ÁCIDO FÓLICO/ PROTEÍNA DE ARROZ,"FORMFLEX, S.A. DE C.V.",60,MATERIAL DE ACONDICIONAMIENTO,1000
MES-0256,MANGA TERMOENCOGIBLE ( Glycolageno),"FORMFLEX, S.A. DE C.V.",60,MATERIAL DE ACONDICIONAMIENTO,100
MES-0493,Manga termo encogible R89,"FORMFLEX, S.A. DE C.V.",60,MATERIAL DE ACONDICIONAMIENTO,5000
MEP-0113,Petpolifoil Glycolageno,"FORMFLEX, S.A. DE C.V.",60,MATERIAL DE ACONDICIONAMIENTO,100
MEPE-0005,Petpolifoil MB 300blanco FLOS PRO Obsequ,"FORMFLEX, S.A. DE C.V.",60,MATERIAL DE ACONDICIONAMIENTO,15
MEPE-0007,PetpolifoilMB 300blanco FLOS PRO Venta,"FORMFLEX, S.A. DE C.V.",60,MATERIAL DE ACONDICIONAMIENTO,15
MPA-0013,COLOR VERDE MENTA 1008.C54,FTF INOVATIV SA DE CV,30,MATERIA PRIMA,10
MPAE-0009,ENMASCARANTE EN POLVO ( Código 936.7358)E,FTF INOVATIV SA DE CV,30,MATERIA PRIMA,10
MPEE-0009,SABOR FRAMUVA 856.7716,FTF INOVATIV SA DE CV,30,MATERIA PRIMA,20
MPE-0346,SABOR FRESA-KIWI PWD (Codigo 915.73752),FTF INOVATIV SA DE CV,30,MATERIA PRIMA,20
MPD-0190,SABOR LECHE 876.7727,FTF INOVATIV SA DE CV,30,MATERIA PRIMA,20
MPD-0039,SABOR MANDARINA Codigo 883.7646,FTF INOVATIV SA DE CV,30,MATERIA PRIMA,20
MPD-0038,SABOR NARANJA Codigo 884.7353,FTF INOVATIV SA DE CV,30,MATERIA PRIMA,25
MPA-0422,SABOR NARANJA POLVO 884.71662,FTF INOVATIV SA DE CV,30,MATERIA PRIMA,20
MPD-0189,SABOR VAINILLA 926.4180,FTF INOVATIV SA DE CV,30,MATERIA PRIMA,20
MPE-0336,Sabor Naranja Mandarina 884.73262,FTF INOVATIV SA DE CV,30,MATERIA PRIMA,20
MPD-0096,Sabor chocolate codigo 826.70611,FTF INOVATIV SA DE CV,30,MATERIA PRIMA,10
MPA-0478,SABOR MANGO POLVO (870.73722),FTF INOVATIV SA DE CV,30,MATERIA PRIMA,20
MPA-0479,SABOR MIX DE BERRIES POLVO (905.73732),FTF INOVATIV SA DE CV,30,MATERIA PRIMA,20
MPA-0066,PÉTALOS DE ROSA EN POLVO,GCAB COMPANY S.A. DE C.V.,0,MATERIA PRIMA,5
M1CBOM01,OMEGA 3 CÁPSULA BLANDA,GEL PHARMA,30,MATERIAL DE ACONDICIONAMIENTO,0
M1CBOM02,"OMEGA 3, 6 y 9 CÁPSULA BLANDA",GEL PHARMA,30,MATERIAL DE ACONDICIONAMIENTO,0
MPE-0334,COLOR ROJO 40,GO'D GHUSTAN S. A DE C.V,15,MATERIA PRIMA,5
MPD-0245,COLOR VIOLETA GOC-54,GO'D GHUSTAN S. A DE C.V,15,MATERIA PRIMA,10
MPD-0104,LACA AMARILLA Nº 5 D/C,GO'D GHUSTAN S. A DE C.V,15,MATERIA PRIMA,25
MPD-0105,LACA AMARILLA Nº 6 D/C,GO'D GHUSTAN S. A DE C.V,15,MATERIA PRIMA,25
MPD-0246,LACA VERDE GOC - 119,GO'D GHUSTAN S. A DE C.V,15,MATERIA PRIMA,5
MPD-0165,SABOR UVA EN POLVO,GO'D GHUSTAN S. A DE C.V,15,MATERIA PRIMA,5
MPD-0224,LACA AZUL No. 1,GO'D GHUSTAN S. A DE C.V,15,MATERIA PRIMA,10
MEP-0364,TAPA R-38 AZUL REFLEXCHILD LINNER/IND/AL,"GRUPO ARCO IRIS PLASTICOS, S.A. DE C.V.",0,MATERIAL DE ACONDICIONAMIENTO,5000
MPE-0037,MANITOL Pearlitol 200 SD,GRUPO BARENTZ MEXICO S DE RL DE CV,7,MATERIA PRIMA,25
DES-0032,FOSFATO DICALCICO ANHIDRO,"HABACUQ COMERCIALIZADORA QUIMICA, S.A. DE C.V.",0,MATERIA PRIMA,25
MES-0452,CUCHARA DOSIFICADORA DE 5 ML,HUGO EDUARDO REMUS CORBY,30,MATERIAL DE ACONDICIONAMIENTO,3000
MEP-0389,Tapa VERDE R-89/400 c/linner de induccio,HUGO EDUARDO REMUS CORBY,30,MATERIAL DE ACONDICIONAMIENTO,5000
MEP-0388,Tarro BCO 500mL R-89,HUGO EDUARDO REMUS CORBY,30,MATERIAL DE ACONDICIONAMIENTO,5000
MPD-0219,LAVANDER DREAM FRAGANCIA219,IBERCHEM MEXICO S.A DE C.V,0,MATERIA PRIMA,20
MES-0518,BANCO FRASCO KAMINA,"Imprenta Comercial el debate, S.A. DE C.V.",60,MATERIAL DE ACONDICIONAMIENTO,5000
MES-0102,BANCO INSERTO CAJA BIOFLAVONOIDES,"Imprenta Comercial el debate, S.A. DE C.V.",60,MATERIAL DE ACONDICIONAMIENTO,5000
MES-0130,CAJA CASTAÑO DE INDIAS C/50 TABS.,"Imprenta Comercial el debate, S.A. DE C.V.",60,MATERIAL DE ACONDICIONAMIENTO,3000
MES-0301,CAJA CASTIN TABLETAS,"Imprenta Comercial el debate, S.A. DE C.V.",60,MATERIAL DE ACONDICIONAMIENTO,1000
MEPE-0008,CAJA FLOS PRO 10 SOBRES,"Imprenta Comercial el debate, S.A. DE C.V.",60,MATERIAL DE ACONDICIONAMIENTO,100
MEPE-0009,CAJA FLOS PRO CON 1 SOBRE,"Imprenta Comercial el debate, S.A. DE C.V.",60,MATERIAL DE ACONDICIONAMIENTO,100
MES-0340,CAJA INDIVIDUAL COLSIMB CON 15 CAPSULAS,"Imprenta Comercial el debate, S.A. DE C.V.",60,MATERIAL DE ACONDICIONAMIENTO,3000
MES-0109,CAJA INDIVIDUAL DIALAVIT 30 cápsulas,"Imprenta Comercial el debate, S.A. DE C.V.",60,MATERIAL DE ACONDICIONAMIENTO,5000
MES-0453,CAJA INDIVIDUAL FIBOTAX,"Imprenta Comercial el debate, S.A. DE C.V.",60,MATERIAL DE ACONDICIONAMIENTO,10000
MES-0323,CAJA INDIVIDUAL FLOS-PRO 14 CAPS,"Imprenta Comercial el debate, S.A. DE C.V.",60,MATERIAL DE ACONDICIONAMIENTO,10000
MES-0324,CAJA INDIVIDUAL FLOS-PRO 2 CAPS,"Imprenta Comercial el debate, S.A. DE C.V.",60,MATERIAL DE ACONDICIONAMIENTO,10000
MES-0330,CAJA INDIVIDUAL GESTOMEG CON 2 CAPS,"Imprenta Comercial el debate, S.A. DE C.V.",60,MATERIAL DE ACONDICIONAMIENTO,5000
MES-0513,CAJA INDIVIDUAL KAMINA FCO C/60,"Imprenta Comercial el debate, S.A. DE C.V.",60,MATERIAL DE ACONDICIONAMIENTO,5000
MES-0328,CAJA INDIVIDUAL REMNURAL CON 2 CAPS,"Imprenta Comercial el debate, S.A. DE C.V.",60,MATERIAL DE ACONDICIONAMIENTO,10000
MES-0327,CAJA INDIVIDUAL REMNURAL CON 30 CAPS,"Imprenta Comercial el debate, S.A. DE C.V.",60,MATERIAL DE ACONDICIONAMIENTO,3000
MES-0339,CAJA KIDDYLAC,"Imprenta Comercial el debate, S.A. DE C.V.",60,MATERIAL DE ACONDICIONAMIENTO,5000
MES-0248,CAJA LACTOBACILLUS LACTICOS,"Imprenta Comercial el debate, S.A. DE C.V.",60,MATERIAL DE ACONDICIONAMIENTO,5000
MES-0331,CAJA NATUBRON CERO JARABE 240 ML,"Imprenta Comercial el debate, S.A. DE C.V.",60,MATERIAL DE ACONDICIONAMIENTO,1500
MES-0511,CAJILLA BLOOM MX FRESA-KIWI 14 PORCIONES,"Imprenta Comercial el debate, S.A. DE C.V.",60,MATERIAL DE ACONDICIONAMIENTO,5000
MES-0372,BANCO EXZON FONDO AUTOMATICO,"Imprenta Comercial el debate, S.A. DE C.V.",60,MATERIAL DE ACONDICIONAMIENTO,5000
MES-0329,CAJA INDIVIDUAL GESTOMEG CON 30 CAPS,"Imprenta Comercial el debate, S.A. DE C.V.",60,MATERIAL DE ACONDICIONAMIENTO,3000
MES-0317,CAJA CART X3 CON 30 SOBRES,"Imprenta Comercial el debate, S.A. DE C.V.",60,MATERIAL DE ACONDICIONAMIENTO,5000
MES-0287,CAJA EXZON 90 TABLETAS,"Imprenta Comercial el debate, S.A. DE C.V.",60,MATERIAL DE ACONDICIONAMIENTO,5000
MES-0334,CAJA FIBRA | BIOFLAV | LACTOB | VIT 90 T,"Imprenta Comercial el debate, S.A. DE C.V.",60,MATERIAL DE ACONDICIONAMIENTO,3000
MES-0094,CAJA INDIVIDUAL DIAMIVYM 30 cápsulas,"Imprenta Comercial el debate, S.A. DE C.V.",60,MATERIAL DE ACONDICIONAMIENTO,3000
MES-0049,CAJA PLENIFORM 40 C/30 TABS.,"Imprenta Comercial el debate, S.A. DE C.V.",60,MATERIAL DE ACONDICIONAMIENTO,5000
MES-0336,CAJA VANESIR DUO PACK,"Imprenta Comercial el debate, S.A. DE C.V.",60,MATERIAL DE ACONDICIONAMIENTO,3500
MES-0402,Cuchara dosificadora de 16 ml,INDUPLAST DE OCCIDENTE S.A. DE C.V.,0,MATERIAL DE ACONDICIONAMIENTO,3000
MPE-0324,NARANJA C3,PROBAMEX S.A. DE C.V.,0,MATERIA PRIMA,25
MPA-0276,DICITRATO TRIMAGNESICO JUNGBUZLAUER,JAIDEV,0,MATERIA PRIMA,20
MPE-0013,AGUA BIDESTILADA PARA PROCESO,JOSE GALLARDO JIMENEZ,30,MATERIA PRIMA,19
MPA-0377,ESPINACA EN POLVO,JUAN DANIEL OLGUIN CANIZO,15,MATERIA PRIMA,25
MPA-0397,TE MATCHA,JUAN DANIEL OLGUIN CANIZO,15,MATERIA PRIMA,5
MPD-0090,SABOR MANDARINA 1875002,"LUCTA MEXICANA, S.A. DE C.V.",0,MATERIA PRIMA,25
MPA-0275,COLAGENO HIDROLIZADO,MASTERSENSE,15,MATERIA PRIMA,22.68
MPA-0455,LITESSE (POLIDEXTROSA),MASTERSENSE,15,MATERIA PRIMA,25
MPA-0352,CACAO EN POLVO,MELINATURA SA DE CV,0,MATERIA PRIMA,10
MPA-0053,LÚPULO,MELINATURA SA DE CV,0,MATERIA PRIMA,25
MPA-0410,CARBONATO DE MAGNESIO DC 90S/C,"MEXALC, S.A. DE C.V.",0,MATERIA PRIMA,25
MPA-0264,SENOSIDOS EXTRACTO SECO 60%,MOLECULAS FINAS DE MEXICO S.A DE .C.V,30,MATERIA PRIMA,25
MPAM-0001,ALOE VERA POWDER EXTRACT HiFi,MTEX MEXICO S. DE R.L. DE C.V.,0,MATERIA PRIMA,1
MPD-0185,SABOR PIÑA POLVO,MULTISABORES S.A DE C.V,0,MATERIA PRIMA,10
MPA-0409,CARBONATO DE CALCIO MD90,MYA LABS SA DE CV,0,MATERIA PRIMA,25
MPA-0415,FOSFATO DICALCICO DIHIDRATADO DC,MYA LABS SA DE CV,0,MATERIA PRIMA,25
MPA-0464,ACAI EN POLVO/ACAI JUICE POWDER DA100396,NATUREX INGREDIENTES NATURALES S.A. DE C.V.,30,MATERIA PRIMA,25
MPA-0465,APIO NABO/CELERIAC 150-A (NN101216),NATUREX INGREDIENTES NATURALES S.A. DE C.V.,30,MATERIA PRIMA,25
MPA-0467,ARANDANO AZUL/BLUEBERRY 150-Z NN102267,NATUREX INGREDIENTES NATURALES S.A. DE C.V.,30,MATERIA PRIMA,25
MPA-0468,ARANDANO/CRANBERRY 150-E EUS (NN101017),NATUREX INGREDIENTES NATURALES S.A. DE C.V.,30,MATERIA PRIMA,25
MPA-0456,AVENA EN POLVO/SWEOAT FLOUR DI012P12,NATUREX INGREDIENTES NATURALES S.A. DE C.V.,30,MATERIA PRIMA,25
MPA-0466,BROCOLI / BROCCOLI POWDER (ON100014),NATUREX INGREDIENTES NATURALES S.A. DE C.V.,30,MATERIA PRIMA,25
MPA-0459,ESPIRULINA /SPIRULINA POWDER EC310393,NATUREX INGREDIENTES NATURALES S.A. DE C.V.,30,MATERIA PRIMA,25
MPA-0469,FRAMBUESA /RASPBERRY 150-AL (NN102130),NATUREX INGREDIENTES NATURALES S.A. DE C.V.,30,MATERIA PRIMA,5
MPA-0463,FRESA /STRAWBERRY 150-BL (NN101039),NATUREX INGREDIENTES NATURALES S.A. DE C.V.,30,MATERIA PRIMA,25
MPA-0458,GOJI EN POLVO/GOJI PE WS (DA241231),NATUREX INGREDIENTES NATURALES S.A. DE C.V.,30,MATERIA PRIMA,25
MPA-0472,GRANO DE COCOA/COCOA BEAN PE7% EA848227,NATUREX INGREDIENTES NATURALES S.A. DE C.V.,30,MATERIA PRIMA,25
MPA-0414,GUARANA EXT SECO/GUARANA PE 22% DC100171,NATUREX INGREDIENTES NATURALES S.A. DE C.V.,30,MATERIA PRIMA,25
MPA-0285,JENGIBRE/GINGER PE 4:1 WS (DA240700),NATUREX INGREDIENTES NATURALES S.A. DE C.V.,30,MATERIA PRIMA,25
MPA-0460,MANZANA EN POLVO/APPLE 150-Z NN100667,NATUREX INGREDIENTES NATURALES S.A. DE C.V.,30,MATERIA PRIMA,25
MPA-0461,REMOLACHA ROJA /RED BEET 150-A NN100264,NATUREX INGREDIENTES NATURALES S.A. DE C.V.,30,MATERIA PRIMA,25
MPA-0470,SAUCO EN POLVO /ELDERBERRY EN850115,NATUREX INGREDIENTES NATURALES S.A. DE C.V.,30,MATERIA PRIMA,25
MPA-0471,SEMILLA DE UVA/GRAPE SEED PE95% EA841502,NATUREX INGREDIENTES NATURALES S.A. DE C.V.,30,MATERIA PRIMA,25
MPA-0480,TE MATCHA/MATCHA TEA (DA250155),NATUREX INGREDIENTES NATURALES S.A. DE C.V.,30,MATERIA PRIMA,20
MPA-0462,TORONJIL/ LEMON BALM PE 2% DA240581,NATUREX INGREDIENTES NATURALES S.A. DE C.V.,30,MATERIA PRIMA,25
MPA-0457,ZANAHORIA EN POLVO/ CARROT 200 NN101609,NATUREX INGREDIENTES NATURALES S.A. DE C.V.,30,MATERIA PRIMA,20
MPA-0270,FIBREGUM (FIBRA SOLUBLE ),NEXIRA S.A DE C.V.,60,MATERIA PRIMA,25
MPA-0115,BETA GLUCANO DE LEVADURA,NUTRIPROTEOMICS SA DE CV,0,MATERIA PRIMA,25
MES-0345,CAJA INDIVIDUAL CVYM,PAPELES ESPECIALES DE MEXICO SA DE CV,60,MATERIAL DE ACONDICIONAMIENTO,5000
MES-0175,CAJA INDIVIDUAL CVYM cero azúcar,PAPELES ESPECIALES DE MEXICO SA DE CV,60,MATERIAL DE ACONDICIONAMIENTO,5000
MES-0479,CAJA INDIVIDUAL FIBOTAX S,PAPELES ESPECIALES DE MEXICO SA DE CV,60,MATERIAL DE ACONDICIONAMIENTO,5000
MPA-0340,PREMEZCLA ALIMENTICIA CAPS V5 MEG,PHARMACHEM SA DE CV,0,MATERIA PRIMA,1
MPA-0446,ACIDO LACTICO,POCHTECA MATERIAS PRIMAS SA DE CV,0,MATERIA PRIMA,25
MPA-0190,VITAMINA C UNIVERSAL (ACIDO ASCORBICO),PRINOVA MEXICO S DE RL DE CV,60,MATERIA PRIMA,25
MPD-0034,EXTRACTO NATURAL DE LIMON,PROBAMEX S.A. DE C.V.,0,MATERIA PRIMA,25
MPD-0288,NARANJA POLVO DU,PROBAMEX S.A. DE C.V.,0,MATERIA PRIMA,25
MPA-0169,SELENITO DE SODIO,PRODUCTOS QUIMICOS DIFER S.A DE C.V.,0,MATERIA PRIMA,1
MPD-0014,ACESULFAME POTASICO,PRONAQUIM S.A. DE C.V.,0,MATERIA PRIMA,25
MPA-0007,ACIDO ALFA LIPOICO7,PRONAQUIM S.A. DE C.V.,0,MATERIA PRIMA,25
MPA-0068,BIOFLAVONOIDES CITRICOS 25%,PRONAQUIM S.A. DE C.V.,0,MATERIA PRIMA,25
MPA-0025,BLACHK COHOSH EXT SECO 2.5 CIMIFUGA,PRONAQUIM S.A. DE C.V.,0,MATERIA PRIMA,25
MPA-0282,EXTRACTO DE AZAHAR CITRUS AURANTIUM 6%,PRONAQUIM S.A. DE C.V.,0,MATERIA PRIMA,25
MPA-0101,ISOFLAVONA DE SOYA EXTRACTO SECO AL 40%,PRONAQUIM S.A. DE C.V.,0,MATERIA PRIMA,25
MPA-0146,POLINICOTINATO DE CROMO,PRONAQUIM S.A. DE C.V.,0,MATERIA PRIMA,25
MPA-0191,VITAMINA D3 (COLECALCIFEROL),PRONAQUIM S.A. DE C.V.,0,MATERIA PRIMA,25
MPA-0245,VITAMINA C RECUBIERTA,PRONAQUIM S.A. DE C.V.,0,MATERIA PRIMA,25
MPA-0054,CONDROITINA SULFATO,PRONAQUIM S.A. DE C.V.,0,MATERIA PRIMA,25
MPA-0085,GLUCOSAMINA SULFATO,PRONAQUIM S.A. DE C.V.,0,MATERIA PRIMA,25
MPA-0133,MELATONINA,PRONAQUIM S.A. DE C.V.,0,MATERIA PRIMA,25
MPA-0222,BETA GLUCANO 70%,QUANTUM NATURA S.A DE C.V.,45,MATERIA PRIMA,25
MPA-0160,RUSCO EXTRACTO SECO 10%,RETECMA S.A DE C.V.,0,MATERIA PRIMA,20
MES-0172,CAJA INDIVIDUAL ABLAZOR PT,"ROTA IMPRESOS NUEVA GALICIA, S.A. de C.V.",30,MATERIAL DE ACONDICIONAMIENTO,5000
MES-0255,CAJA INDIVIDUAL GLYCOLAGENO,"ROTA IMPRESOS NUEVA GALICIA, S.A. de C.V.",30,MATERIAL DE ACONDICIONAMIENTO,5000
MPA-0247,VITAMINA K2 POLVO,"SAFE IBEROAMERICANA, S.A. DE C.V.",0,MATERIA PRIMA,1
MPA-0208,ACIDO HIALURONICO POLVO,SALUBRITE MEXICO S DE RL DE CV,0,MATERIA PRIMA,10
MPA-0116,L-GLUTAMINA,SALUBRITE MEXICO S DE RL DE CV,0,MATERIA PRIMA,25
MPA-0141,L-ISOLEUCINA,SALUBRITE MEXICO S DE RL DE CV,0,MATERIA PRIMA,25
MPA-0124,L-VALINA,SALUBRITE MEXICO S DE RL DE CV,0,MATERIA PRIMA,10
MPA-0211,MSM (METIL SULFONIL METANO),SALUBRITE MEXICO S DE RL DE CV,0,MATERIA PRIMA,25
MPA-0423,PROTEÍNA DE ARROZ,SALUBRITE MEXICO S DE RL DE CV,0,MATERIA PRIMA,20
MPA-0424,VITAMINA D3,SALUBRITE MEXICO S DE RL DE CV,0,MATERIA PRIMA,25
MPA-0385,LINAZA EN POLVO (sanitizada),SAMMEX,0,MATERIA PRIMA,25
MPA-0384,SEMILLA DE CHIA EN POLVO (Sanitizada),SAMMEX,0,MATERIA PRIMA,25
MPA-0010,ACIDO FOLICO,"SUMINISTROS HERBOLARIOS Y QUIMICOS, S.A. DE C.V.",0,MATERIA PRIMA,25
MPA-0092,ACIDO TARTÁRICO,"SUMINISTROS HERBOLARIOS Y QUIMICOS, S.A. DE C.V.",0,MATERIA PRIMA,25
MPA-0072,AJO PLUS DEODORIZADO,"SUMINISTROS HERBOLARIOS Y QUIMICOS, S.A. DE C.V.",0,MATERIA PRIMA,5
MPD-0062,ASPARTAME Polvo,"SUMINISTROS HERBOLARIOS Y QUIMICOS, S.A. DE C.V.",0,MATERIA PRIMA,5
MPA-0356,BCAA (2:1:1),"SUMINISTROS HERBOLARIOS Y QUIMICOS, S.A. DE C.V.",0,MATERIA PRIMA,5
MPA-0426,BETA-ALANINA,"SUMINISTROS HERBOLARIOS Y QUIMICOS, S.A. DE C.V.",0,MATERIA PRIMA,5
MPA-0074,BETACAROTENO 1%,"SUMINISTROS HERBOLARIOS Y QUIMICOS, S.A. DE C.V.",0,MATERIA PRIMA,5
MPA-0075,BITARTRATO DE COLINA,"SUMINISTROS HERBOLARIOS Y QUIMICOS, S.A. DE C.V.",0,MATERIA PRIMA,5
MPA-0416,Betacaroteno,"SUMINISTROS HERBOLARIOS Y QUIMICOS, S.A. DE C.V.",0,MATERIA PRIMA,5
MPA-0324,CLOROFILA EN POLVO,"SUMINISTROS HERBOLARIOS Y QUIMICOS, S.A. DE C.V.",0,MATERIA PRIMA,1
MPA-0046,CLORURO DE POTASIO PURO USP,"SUMINISTROS HERBOLARIOS Y QUIMICOS, S.A. DE C.V.",0,MATERIA PRIMA,5
MPD-0070,CLORURO DE SODIO,"SUMINISTROS HERBOLARIOS Y QUIMICOS, S.A. DE C.V.",0,MATERIA PRIMA,5
MPA-0398,EXTRACTO DE TE VERDE AL 50% POLIFENOLES,"SUMINISTROS HERBOLARIOS Y QUIMICOS, S.A. DE C.V.",0,MATERIA PRIMA,10
MPA-0065,FLOR DE SAMBUCUS NIGRA,"SUMINISTROS HERBOLARIOS Y QUIMICOS, S.A. DE C.V.",0,MATERIA PRIMA,5
MPE-0082,GLICINA,"SUMINISTROS HERBOLARIOS Y QUIMICOS, S.A. DE C.V.",0,MATERIA PRIMA,5
MPA-0078,GLUCONATO DE ZINC,"SUMINISTROS HERBOLARIOS Y QUIMICOS, S.A. DE C.V.",0,MATERIA PRIMA,5
MPA-0283,L TEANINA 98%,"SUMINISTROS HERBOLARIOS Y QUIMICOS, S.A. DE C.V.",0,MATERIA PRIMA,5
MPA-0110,L-ARGININA HCL,"SUMINISTROS HERBOLARIOS Y QUIMICOS, S.A. DE C.V.",0,MATERIA PRIMA,5
MPA-0086,L-CARNITINA BASE,"SUMINISTROS HERBOLARIOS Y QUIMICOS, S.A. DE C.V.",0,MATERIA PRIMA,5
MPA-0213,L-METIONINA,"SUMINISTROS HERBOLARIOS Y QUIMICOS, S.A. DE C.V.",0,MATERIA PRIMA,5
MPA-0033,L-TAURINA,"SUMINISTROS HERBOLARIOS Y QUIMICOS, S.A. DE C.V.",0,MATERIA PRIMA,5
MPA-0130,MACA EXTRACTO EN POLVO,"SUMINISTROS HERBOLARIOS Y QUIMICOS, S.A. DE C.V.",0,MATERIA PRIMA,5
MPD-0036,BICARBONATO DE SODIO,"SYRSA QUIMICOS DE MEXICO, S.A. DE C.V.",0,MATERIA PRIMA,25
MPD-0084,CARBONATO DE MAGNESIO,"SYRSA QUIMICOS DE MEXICO, S.A. DE C.V.",0,MATERIA PRIMA,25
MPA-0249,GLUCANO DELTA LACTONA,"SYRSA QUIMICOS DE MEXICO, S.A. DE C.V.",0,MATERIA PRIMA,25
MPA-0161,COLAGENO PEPTAN P 5000 LD161,Cliente,0,MATERIA PRIMA,25
MES-0245,ETIQUETA OMEGA 3 CÁPSULAS,TRIANA NUTRITION SA DE CV,30,MATERIAL DE ACONDICIONAMIENTO,3000
MES-0244,"ETIQUETA OMEGA 3, 6 Y 9 CÁPSULAS",TRIANA NUTRITION SA DE CV,30,MATERIAL DE ACONDICIONAMIENTO,3000
MEP-0362,BOLSA STAND POUCH COLAGEN0 FRESA 300 g,TRIANA NUTRITION SA DE CV,30,MATERIAL DE ACONDICIONAMIENTO,1000
MEP-0351,BOLSA STAND POUCH COLAGENER 10 NARANJA,TRIANA NUTRITION SA DE CV,30,MATERIAL DE ACONDICIONAMIENTO,1000
MEP-0348,BOLSA STAND POUCH COLAGENER 3 PEPINO,TRIANA NUTRITION SA DE CV,30,MATERIAL DE ACONDICIONAMIENTO,1000
MEP-0363,BOLSA STAND POUCH COLAGENO VAINILLA 600,TRIANA NUTRITION SA DE CV,30,MATERIAL DE ACONDICIONAMIENTO,1000
MES-0407,ETIQUETA D-GELAC + FS (Sustentable),TRIANA NUTRITION SA DE CV,30,MATERIAL DE ACONDICIONAMIENTO,3000
MES-0512,ETIQUETA KAMINA FCO C/60 CAPSULAS,TRIANA NUTRITION SA DE CV,30,MATERIAL DE ACONDICIONAMIENTO,1000
MES-0484,ETIQUETA MULTIBLUE A BASE DE PRÓBIOTICOS,TRIANA NUTRITION SA DE CV,30,MATERIAL DE ACONDICIONAMIENTO,1000
MES-0491,ETIQUETA MULTIBLUE PROBIOTIC FIT FCO 30,TRIANA NUTRITION SA DE CV,30,MATERIAL DE ACONDICIONAMIENTO,1000
MES-0332,ETIQUETA NATUBRON CERO JARABE 240 ML,TRIANA NUTRITION SA DE CV,30,MATERIAL DE ACONDICIONAMIENTO,3000
MES-0246,ETIQUETA VITAMINA B12 TABLETAS,TRIANA NUTRITION SA DE CV,30,MATERIAL DE ACONDICIONAMIENTO,1000
MES-0247,ETIQUETA ZINC TABLETAS,TRIANA NUTRITION SA DE CV,30,MATERIAL DE ACONDICIONAMIENTO,1000
MES-0242,ETIQUETA ÁCIDO FOLICO TABLETAS,TRIANA NUTRITION SA DE CV,30,MATERIAL DE ACONDICIONAMIENTO,1000
MES-0509,Etiqueta Bloom SABOR FRESA-KIWI 25Ppor,TRIANA NUTRITION SA DE CV,30,MATERIAL DE ACONDICIONAMIENTO,1000
MES-0494,Etiqueta Bloom SABOR FRUTOS ROJOS MX 25P,TRIANA NUTRITION SA DE CV,30,MATERIAL DE ACONDICIONAMIENTO,3000
MES-0492,Etiqueta Bloom SABOR MANGO MEX 25 porci,TRIANA NUTRITION SA DE CV,30,MATERIAL DE ACONDICIONAMIENTO,3000
MEP-0104,FRASCO 240 ML. AMBAR R-24,XIOMARA GONZALEZ LOPEZ,30,MATERIAL DE ACONDICIONAMIENTO,2500
MEP-0121,TAPA 24 mm INV. BLANCA CX,XIOMARA GONZALEZ LOPEZ,30,MATERIAL DE ACONDICIONAMIENTO,4000
MES-0129,VASO DOSIFICADOR 24 mm,XIOMARA GONZALEZ LOPEZ,30,MATERIAL DE ACONDICIONAMIENTO,4000
MESG-0003,CAJA CORRUGADA C-BOOST 10 piezas,YADIRA TERRONES MENDOZA,30,MATERIAL DE ACONDICIONAMIENTO,3000
MES-0326,CAJA COLECTIVA 21.32 x 23.2 x 7.6,YADIRA TERRONES MENDOZA,30,MATERIAL DE ACONDICIONAMIENTO,1000
MES-0037,CAJA COLECTIVA 31X31X16.5,YADIRA TERRONES MENDOZA,30,MATERIAL DE ACONDICIONAMIENTO,1500
MES-0228,CAJA COLECTIVA 38.2x34.3x34.3ablazor,YADIRA TERRONES MENDOZA,30,MATERIAL DE ACONDICIONAMIENTO,1500
MES-0257,CAJA COLECTIVA 39.6X35.3X30.6,YADIRA TERRONES MENDOZA,30,MATERIAL DE ACONDICIONAMIENTO,1500
MES-0190,CAJA COLECTIVA 40.5X31.2X27.5 ECT42,YADIRA TERRONES MENDOZA,30,MATERIAL DE ACONDICIONAMIENTO,1500
MES-0319,CAJA COLECTIVA 44X 31.7X 31.8,YADIRA TERRONES MENDOZA,30,MATERIAL DE ACONDICIONAMIENTO,1000
MES-0221,CAJA COLECTIVA 50.0 x 26.0 x 19.3 cm,YADIRA TERRONES MENDOZA,30,MATERIAL DE ACONDICIONAMIENTO,1000
MES-0325,CAJA COLECTIVA 29.8 X 23.5 X 13.5,YADIRA TERRONES MENDOZA,30,MATERIAL DE ACONDICIONAMIENTO,500
MES-0321,CAJA MASTER 48.4 X 44.4 X 33.9,YADIRA TERRONES MENDOZA,15,MATERIAL DE ACONDICIONAMIENTO,1000
MES-0322,CAJA MASTER 61.5X 48.5X 29.7322,YADIRA TERRONES MENDOZA,30,MATERIAL DE ACONDICIONAMIENTO,1000
MES-0481,CAJA COLECTIVA 23.5x44x28 FIB. SIMI.,YADIRA TERRONES MENDOZA,30,MATERIAL DE ACONDICIONAMIENTO,1000
MES-0249,CAJA COLECTIVA 286mm X 286mm X 202mm,YADIRA TERRONES MENDOZA,30,MATERIAL DE ACONDICIONAMIENTO,1500
MES-0497,CAJA COLECTIVA IMPRESA BLOOM,YADIRA TERRONES MENDOZA,30,MATERIAL DE ACONDICIONAMIENTO,1500
MES-0519,CAJA COLECTIVA IMPRESA BLOOM PARA SACHET,YADIRA TERRONES MENDOZA,30,MATERIAL DE ACONDICIONAMIENTO,100
MES-0496,CAJA COLECTIVA IMPRESA MULTIBLUE,YADIRA TERRONES MENDOZA,30,MATERIAL DE ACONDICIONAMIENTO,100
MES-0459,CAJA COLECTIVA PET 286mm X 286mm X 202mm,YADIRA TERRONES MENDOZA,30,MATERIAL DE ACONDICIONAMIENTO,1500
MES-0253,DIVISION PARA CAJA COLECTIVA 50 ESPACIOS,YADIRA TERRONES MENDOZA,30,MATERIAL DE ACONDICIONAMIENTO,3000
MES-0254,ENTREPAÑO P/CAJA COLECTIVA 50 ESPACIOS,YADIRA TERRONES MENDOZA,30,MATERIAL DE ACONDICIONAMIENTO,1500
MPA-0314,PULPA DE PAPAYA DESHIDRATADA EN POLVO,YOLANDA DEL ANGEL MAR,0,MATERIA PRIMA,25
MES-0510,CAJA CORRUGADA C-BOOST NF 6g 15 piezas,YADIRA TERRONES MENDOZA,30,MATERIAL DE ACONDICIONAMIENTO,3000
MEPE-0010,CAJA COLECTIVA 30.5 x 19.7 x 14.2 cm,YADIRA TERRONES MENDOZA,30,MATERIAL DE ACONDICIONAMIENTO,1000
MPAE-0012,LÚPULO,MELINATURA SA DE CV,0,MATERIA PRIMA,20
MPA-0053,LÚPULO,MELINATURA SA DE CV,0,MATERIA PRIMA,25
